Job ID,Job URL,Job Title,Company Name,Status,Timestamp,WP ID
5b8df2e058b821c3,https://mh.linkedin.com/jobs/view/property-specialist-at-v2x-inc-4434306559,Property Specialist,V2X Inc,posted,2026-07-07T01:00:22.887645,19
aae5ea34958e54df,https://mh.linkedin.com/jobs/view/hazardous-waste-specialist-ii-at-v2x-inc-4434338679,Hazardous Waste Specialist II,V2X Inc,posted,2026-07-07T01:00:31.711131,21
c7c771e664177c6e,https://mh.linkedin.com/jobs/view/security-officer-at-chenega-security-sbu-4409016459,Security Officer,Chenega Security SBU,posted,2026-07-07T01:00:41.070678,23
f850cef21fff3d16,https://mh.linkedin.com/jobs/view/logcap-%E2%80%93-fuel-foreman-usn-marshall-at-versar-global-solutions-4435237335,LOGCAP – Fuel Foreman (USN) - Marshall,Versar Global Solutions,posted,2026-07-07T01:00:50.153830,25
7550141936b86680,https://mh.linkedin.com/jobs/view/senior-communications-associate-at-iom-un-migration-4435533185,Senior Communications Associate,IOM - UN Migration,posted,2026-07-07T01:02:08.238129,27
37ed235a2a0f3d77,https://mh.linkedin.com/jobs/view/logcap-%E2%80%93-power-plant-operator-lead-usn-marshall-at-versar-global-solutions-4435245031,LOGCAP – Power Plant Operator Lead (USN) - Marshall,Versar Global Solutions,posted,2026-07-07T01:02:20.611314,29
cc113febac21682b,https://mh.linkedin.com/jobs/view/able-seaman-able-seafarer-deck-at-astrion-4302448511,"Able Seaman, Able Seafarer deck",Astrion,posted,2026-07-07T01:03:37.664395,31
ba8976181bf12a10,https://mh.linkedin.com/jobs/view/qmed-oiler-able-seafarer-engine-at-astrion-4396344756,QMED/Oiler/Able Seafarer - Engine,Astrion,posted,2026-07-07T01:04:00.011001,33
7b7cabdb5ec19651,https://mh.linkedin.com/jobs/view/air-traffic-controller-at-v2x-inc-4431880590,Air Traffic Controller,,scraped,2026-07-07T01:04:02.368263,
bf10bd34d151aff9,https://mh.linkedin.com/jobs/view/stock-clerk-ii-at-v2x-inc-4433007298,Stock Clerk II,,scraped,2026-07-07T01:04:12.470013,
767efbbddd5691e8,https://mh.linkedin.com/jobs/view/accounting-specialist-senior-iv-at-v2x-inc-4434198248,Accounting Specialist Senior IV,,scraped,2026-07-07T01:04:19.006010,
1be736f1a9564f9d,https://mh.linkedin.com/jobs/view/mwr-technician-at-v2x-inc-4434306558,MWR Technician,,scraped,2026-07-07T01:05:29.340490,
53c0b292fbb5f677,https://mh.linkedin.com/jobs/view/mwr-technician-at-v2x-inc-4436265686,MWR Technician,,scraped,2026-07-07T01:06:39.720389,
216bf683185e94e2,https://mh.linkedin.com/jobs/view/quality-supervisor-medical-at-v2x-inc-4431296574,Quality Supervisor (Medical),V2X Inc,posted,2026-07-07T12:17:15.655646,35
e5b3d2ce87301428,https://mh.linkedin.com/jobs/view/training-supervisor-atc-at-v2x-inc-4431869971,Training Supervisor (ATC),V2X Inc,posted,2026-07-07T12:17:26.451551,37
13e8c7a88bbb16e6,https://mh.linkedin.com/jobs/view/facility-chief-atc-at-v2x-inc-4431873954,Facility Chief (ATC),V2X Inc,posted,2026-07-07T12:17:35.159508,39
d16e5cf50828202f,https://mh.linkedin.com/jobs/view/information-technology-associate-iii-at-v2x-inc-4431283637,Information Technology Associate III,V2X Inc,posted,2026-07-07T12:17:43.847583,41
0ae4c83f0957f500,https://mh.linkedin.com/jobs/view/lead-teacher-infant-toddler-classroom-at-v2x-inc-4434658867,Lead Teacher | Infant Toddler Classroom,V2X Inc,posted,2026-07-07T12:17:52.226723,43
ac24bec6636c25a2,https://mh.linkedin.com/jobs/view/esh-manager-at-v2x-inc-4436280004,ESH Manager,V2X Inc,posted,2026-07-07T12:18:00.590850,45
27d420c4928cd1ed,https://mh.linkedin.com/jobs/view/mwr-technician-referee-scorekeeper-at-v2x-inc-4436520442,MWR Technician Referee & Scorekeeper,V2X Inc,posted,2026-07-07T12:18:13.239058,47
3d3cd642d96c81b1,https://mh.linkedin.com/jobs/view/quality-lead-at-v2x-inc-4436845229,Quality Lead,V2X Inc,posted,2026-07-07T20:32:36.510895,49
0f6e6f533a335db6,https://mh.linkedin.com/jobs/view/child-youth-services-education-specialist-at-v2x-inc-4434322008,Child Youth Services Education Specialist,V2X Inc,posted,2026-07-07T20:32:49.697845,51
3e14ab2b61647a35,https://mh.linkedin.com/jobs/view/custodian-iv-at-v2x-inc-4436840339,Custodian IV,V2X Inc,posted,2026-07-08T06:45:49.120975,63
5d25dc740fb74559,https://mh.linkedin.com/jobs/view/hazardous-waste-specialist-at-v2x-inc-4436844200,Hazardous Waste Specialist,V2X Inc,posted,2026-07-08T06:46:02.626223,65
d90ac5b74e5f15a8,https://mh.linkedin.com/jobs/view/senior-monitoring-and-evaluation-associate-at-iom-un-migration-4438186311,Senior Monitoring and Evaluation Associate,IOM - UN Migration,posted,2026-07-08T13:20:01.144401,67
fac0f34ac2e7e646,https://mh.linkedin.com/jobs/view/food-service-laborer-iii-at-v2x-inc-4436887045,Food Service Laborer III,V2X Inc,posted,2026-07-08T23:44:38.850507,69
9f01280330660b5a,https://mh.linkedin.com/jobs/view/drafter-at-calibre-systems-inc-4385056964,Drafter,"CALIBRE Systems, Inc.",posted,2026-07-09T11:24:35.024864,71
88d6fefe94a14dcd,https://mh.linkedin.com/jobs/view/construction-control-representative-at-us-army-corps-of-engineers-4437982467,Construction Control Representative,US Army Corps of Engineers,posted,2026-07-10T11:23:10.584539,73
e7c4db295b6d3bd7,https://mh.linkedin.com/jobs/view/project-officer-%E2%80%93-disaster-risk-reduction-p-at-iom-un-migration-4439019388,Project Officer – Disaster Risk Reduction (P),IOM - UN Migration,posted,2026-07-10T11:23:31.468178,75
8c28c7a44beb0000,https://mh.linkedin.com/jobs/view/project-officer-%E2%80%93-disaster-risk-reduction-p-at-vacancies-at-iom-indonesia-4439039244,Project Officer – Disaster Risk Reduction (P),Vacancies at IOM Indonesia,posted,2026-07-10T11:23:43.412528,75
bce73f1bacdc1d2e,https://mh.linkedin.com/jobs/view/chief-mate-at-v2x-inc-4437587473,Chief Mate,V2X Inc,posted,2026-07-10T23:18:04.340260,77
76d2287b3c8d02d5,https://mh.linkedin.com/jobs/view/opi-vri-interpreter-marshallese-at-big-language-solutions-4438393277,OPI/VRI Interpreter-Marshallese,BIG Language Solutions,posted,2026-07-11T07:22:29.750093,79
bc4eaf3f68a6fdb4,https://mh.linkedin.com/jobs/view/drafter-at-calibre-systems-inc-4437221862,Drafter,"CALIBRE Systems, Inc.",posted,2026-07-13T16:13:54.246558,71
794859e8fe061cb2,https://mh.linkedin.com/jobs/view/assistant-engineer-perm-at-astrion-4402304082,Assistant Engineer PERM,Astrion,posted,2026-07-13T16:14:10.421729,81
c8c17558aa999a86,https://mh.linkedin.com/jobs/view/construction-control-representative-at-us-army-corps-of-engineers-4440528602,Construction Control Representative.,US Army Corps of Engineers,posted,2026-07-20T13:29:49.916048,73
15c9b4d570950372,https://mh.linkedin.com/jobs/view/school-superintendent-at-v2x-inc-4434304668,School Superintendent,V2X Inc,posted,2026-07-20T13:29:59.387409,83
ad6b2a260a298528,https://mh.linkedin.com/jobs/view/engineering-technician-at-v2x-inc-4434153212,Engineering Technician,V2X Inc,posted,2026-07-20T13:30:09.818696,85
c0f8930f6d32df06,https://mh.linkedin.com/jobs/view/cashier-at-v2x-inc-4441794162,Cashier,V2X Inc,posted,2026-07-20T13:30:18.553721,87
dfe1980750e8a0e9,https://mh.linkedin.com/jobs/view/environmental-engineer-at-v2x-inc-4441345206,Environmental Engineer,V2X Inc,posted,2026-07-20T13:30:27.042535,89
dd71d4b46e4bf450,https://mh.linkedin.com/jobs/view/systems-support-specialist-at-v2x-inc-4432374564,Systems Support Specialist,V2X Inc,posted,2026-07-20T13:30:35.629830,91
3a2630571d768c07,https://mh.linkedin.com/jobs/view/quality-specialist-iii-at-v2x-inc-4434187449,Quality Specialist III,V2X Inc,posted,2026-07-20T13:30:44.426956,93
d9c21a9bb9520e85,https://mh.linkedin.com/jobs/view/port-captain-at-v2x-inc-4439953343,Port Captain,V2X Inc,posted,2026-07-20T13:30:53.094336,95
99fb6c1a9a2250e3,https://mh.linkedin.com/jobs/view/child-youth-services-program-assistant-at-v2x-inc-4441798109,Child Youth Services Program Assistant,V2X Inc,posted,2026-07-20T13:31:02.932507,97
5dbf752ea693e794,https://mh.linkedin.com/jobs/view/logcap-%E2%80%93-surveyor-usn-marshall-islands-at-versar-global-solutions-4439876679,LOGCAP – Surveyor (USN) - Marshall Islands,Versar Global Solutions,posted,2026-07-20T13:31:13.418144,99
0eaec0e468010ceb,https://mh.linkedin.com/jobs/view/custodian-at-v2x-inc-4441789382,Custodian,V2X Inc,posted,2026-07-20T13:31:22.492399,101
ef129f999d9db634,https://mh.linkedin.com/jobs/view/logcap-%E2%80%93-air-cargo-handler-rmi-marshall-islands-at-versar-global-solutions-4430564969,LOGCAP – Air Cargo Handler (RMI) - Marshall Islands,Versar Global Solutions,posted,2026-07-20T13:31:31.554743,103
d460a6dc87a26151,https://mh.linkedin.com/jobs/view/logcap-%E2%80%93-safety-technician-rmi-%E2%80%93-marshall-islands-at-versar-global-solutions-4433237798,LOGCAP – Safety Technician (RMI) – Marshall Islands,Versar Global Solutions,posted,2026-07-20T13:31:40.773600,105
b6e83fd5ab14b562,https://mh.linkedin.com/jobs/view/chief-mate-at-astrion-4324371464,Chief Mate,Astrion,posted,2026-07-20T13:31:45.204751,77
b966e542d18a1229,https://mh.linkedin.com/jobs/view/chief-engineer-at-astrion-4366037633,Chief Engineer,Astrion,posted,2026-07-20T13:31:53.579824,107
3688fb611313a7e0,https://mh.linkedin.com/jobs/view/roads-grounds-maintenance-lead-at-v2x-inc-4439897668,Roads & Grounds Maintenance Lead,V2X Inc,posted,2026-07-20T13:32:02.380686,109
8ba98dfde28de635,https://mh.linkedin.com/jobs/view/logcap-%E2%80%93-passenger-services-specialist-ln-marshall-at-versar-global-solutions-4430583035,LOGCAP – Passenger Services Specialist (LN) - Marshall,Versar Global Solutions,posted,2026-07-20T13:32:11.415306,111
70704bc4ed5b35ec,https://mh.linkedin.com/jobs/view/second-baker-at-v2x-inc-4442260259,Second Baker,V2X Inc,posted,2026-07-27T16:01:01.469179,113
54e050447df0b09f,https://mh.linkedin.com/jobs/view/production-control-clerk-ii-at-v2x-inc-4444332907,Production Control Clerk II,V2X Inc,posted,2026-07-27T16:01:11.372593,115
2a11445689100fbf,https://mh.linkedin.com/jobs/view/chuukese-interpreter-at-one-world-global-services-llc-4445285323,Chuukese Interpreter,One World Global Services LLC,posted,2026-07-27T16:01:28.020746,117
9c60e0268ad0bcff,https://mh.linkedin.com/jobs/view/recreation-specialist-at-v2x-inc-4444381799,Recreation Specialist,V2X Inc,posted,2026-07-27T16:01:36.576421,119
2b42a754fd2ee283,https://mh.linkedin.com/jobs/view/operations-specialist-at-v2x-inc-4444328912,Operations Specialist,V2X Inc,posted,2026-07-27T16:01:45.711022,121
c5b5555fda40993f,https://mh.linkedin.com/jobs/view/mechanical-systems-technician-at-v2x-inc-4444063040,Mechanical Systems Technician,V2X Inc,posted,2026-07-27T16:01:56.387909,123
f47538c710172133,https://mh.linkedin.com/jobs/view/systems-support-specialist-at-v2x-inc-4442261150,Systems Support Specialist,V2X Inc,posted,2026-07-27T16:02:00.997782,91
4254f2e49f77cbd1,https://mh.linkedin.com/jobs/view/heavy-equipment-operator-ii-at-v2x-inc-4444059115,Heavy Equipment Operator II,V2X Inc,posted,2026-07-27T16:02:09.925272,125
a328487bd946fdd4,https://mh.linkedin.com/jobs/view/carpenter-i-at-v2x-inc-4444040747,Carpenter I,V2X Inc,posted,2026-07-27T16:02:19.069821,127
044d2678bdc8411b,https://mh.linkedin.com/jobs/view/carpenter-iv-at-v2x-inc-4444047305,Carpenter IV,V2X Inc,posted,2026-07-27T16:02:32.305488,129
04975f04680bdc1d,https://mh.linkedin.com/jobs/view/carpenter-ii-at-v2x-inc-4444053249,Carpenter II,V2X Inc,posted,2026-07-27T16:02:40.796165,131
7df12094496cd511,https://mh.linkedin.com/jobs/view/plumber-i-at-v2x-inc-4444348003,Plumber I,V2X Inc,posted,2026-07-27T16:02:49.464754,133
80e3c09c44449ada,https://mh.linkedin.com/jobs/view/warehouseman-i-at-v2x-inc-4447417489,Warehouseman I,V2X Inc,posted,2026-08-03T16:08:13.086171,135
1cd59cc8303c0af5,https://mh.linkedin.com/jobs/view/senior-programme-associate-food-security-national-position-at-iom-un-migration-4446746074,Senior Programme Associate (Food Security) (National Position),IOM - UN Migration,posted,2026-08-03T16:08:27.406037,137
596c0a1dc0e79949,https://mh.linkedin.com/jobs/view/billeting-laborer-ii-at-v2x-inc-4446152717,Billeting Laborer II,V2X Inc,posted,2026-08-03T16:08:39.847634,139
575da144100f5dc6,https://mh.linkedin.com/jobs/view/dispatcher-marine-iii-at-v2x-inc-4447410648,Dispatcher (Marine III),V2X Inc,posted,2026-08-03T16:08:50.220945,141
43686f811c4a537c,https://mh.linkedin.com/jobs/view/production-control-clerk-i-at-v2x-inc-4447420419,Production Control Clerk I,V2X Inc,posted,2026-08-03T16:08:58.846054,143
151124dce33e1a3f,https://mh.linkedin.com/jobs/view/registered-nurse-em-at-v2x-inc-4446457064,Registered Nurse (EM),V2X Inc,posted,2026-08-03T16:09:08.127811,145
a6892c738d92c578,https://mh.linkedin.com/jobs/view/postal-clerk-at-v2x-inc-4448265411,Postal Clerk,V2X Inc,posted,2026-08-10T10:46:28.634934,147
2d19fe321b395f5a,https://mh.linkedin.com/jobs/view/planner-estimator-at-v2x-inc-4450028122,Planner/Estimator,V2X Inc,posted,2026-08-10T10:46:37.564109,149
4e3c10cb1532cb6e,https://mh.linkedin.com/jobs/view/power-plant-operator-lead-at-best-military-resume-4450220698,Power Plant Operator Lead,Best Military Resume,posted,2026-08-10T10:46:51.082588,151
34790457b81f6533,https://mh.linkedin.com/jobs/view/general-engineer-at-obsolete-site-4448768333,General Engineer.,Obsolete Site,posted,2026-08-10T10:47:01.552187,153
36b6ab9ae9457bfd,https://mh.linkedin.com/jobs/view/power-generator-mechanic-ii-at-best-military-resume-4450233490,Power Generator Mechanic II,Best Military Resume,posted,2026-08-10T10:47:15.057848,155
e0d3dd1aeff1cc59,https://mh.linkedin.com/jobs/view/consultant-%E2%80%93-design-and-delivery-of-a-counter-trafficking-training-package-consultant-type-b-at-iom-un-migration-4451513152,"Consultant – Design and Delivery of a Counter-Trafficking Training Package, Consultant Type B",IOM - UN Migration,posted,2026-08-10T10:47:28.351024,157
07c000aa9d7169b9,https://mh.linkedin.com/jobs/view/food-service-laborer-iv-at-v2x-inc-4451007357,Food Service Laborer IV,V2X Inc,posted,2026-08-10T10:47:37.338900,159
4653830a269a970f,https://mh.linkedin.com/jobs/view/pest-controller-lead-at-v2x-inc-4448221721,Pest Controller Lead,V2X Inc,posted,2026-08-10T10:47:46.871904,161
68072d792f1c1989,https://mh.linkedin.com/jobs/view/food-service-laborer-ii-at-v2x-inc-4450798725,Food Service Laborer II,V2X Inc,posted,2026-08-10T10:47:55.849498,163
832078d09ae945a2,https://mh.linkedin.com/jobs/view/waste-water-treatment-plant-operator-ii-at-v2x-inc-4444052148,Waste Water Treatment Plant Operator II,V2X Inc,posted,2026-08-10T10:48:06.025686,165
fc18765f3a3adf1b,https://mh.linkedin.com/jobs/view/incinerator-operator-ii-at-v2x-inc-4450009463,Incinerator Operator II,V2X Inc,posted,2026-08-10T10:48:15.753754,167
72c407980af37ff3,https://mh.linkedin.com/jobs/view/appliance-technician-i-at-v2x-inc-4448231048,Appliance Technician I,V2X Inc,posted,2026-08-10T10:48:26.616045,169
593c019944efbb22,https://mh.linkedin.com/jobs/view/food-service-laborer-v-at-v2x-inc-4448217832,Food Service Laborer V,V2X Inc,posted,2026-08-10T10:48:36.196838,171
3219e082c0c516fb,https://mh.linkedin.com/jobs/view/systems-support-specialist-at-v2x-inc-4448218834,Systems Support Specialist,V2X Inc,posted,2026-08-10T10:48:41.062690,91
8e48d4e445afa287,https://mh.linkedin.com/jobs/view/sheetmetal-worker-ii-at-v2x-inc-4444340450,Sheetmetal Worker II,V2X Inc,posted,2026-08-10T10:48:54.607322,173
157c7058e1f79093,https://mh.linkedin.com/jobs/view/plumber-ii-at-v2x-inc-4444328910,Plumber II,V2X Inc,posted,2026-08-10T10:49:04.297984,175
4aa98d2f6347cefc,https://mh.linkedin.com/jobs/view/water-distribution-manager-at-v2x-inc-4448213911,Water/Distribution Manager,V2X Inc,posted,2026-08-10T10:49:13.267055,177
ad20c8748e7a93b8,https://mh.linkedin.com/jobs/view/water-treatment-plant-supervisor-at-v2x-inc-4448209991,Water Treatment Plant Supervisor,V2X Inc,posted,2026-08-10T10:49:23.592792,179
e6712888515eb036,https://mh.linkedin.com/jobs/view/heavy-equipment-operator-v-at-v2x-inc-4441784550,Heavy Equipment Operator V,V2X Inc,posted,2026-08-10T10:49:33.633658,181
f4451d9828a9bb70,https://mh.linkedin.com/jobs/view/information-technology-associate-ii-at-v2x-inc-4448261487,Information Technology Associate II,V2X Inc,posted,2026-08-10T10:49:43.253723,183
1c7a85e22a77f355,https://mh.linkedin.com/jobs/view/hvac-mechanic-i-at-v2x-inc-4448226408,HVAC Mechanic I,V2X Inc,posted,2026-08-10T10:49:54.078207,185
a466f601fc09e371,https://mh.linkedin.com/jobs/view/motor-vehicle-mechanic-wrecker-ii-at-v2x-inc-4448270299,Motor Vehicle Mechanic- Wrecker II,V2X Inc,posted,2026-08-10T10:50:05.092996,187
d830676fda9ed797,https://mh.linkedin.com/jobs/view/plumber-v-at-v2x-inc-4448222735,Plumber V,V2X Inc,posted,2026-08-10T10:50:15.785037,189
19e5fa6bf36fd934,https://mh.linkedin.com/jobs/view/welder-i-at-v2x-inc-4448209993,Welder I,V2X Inc,posted,2026-08-10T10:50:26.122871,191
d8a28bc868137651,https://mh.linkedin.com/jobs/view/dispatcher-i-at-v2x-inc-4450416042,Dispatcher I,V2X Inc,posted,2026-08-17T07:34:14.298375,193
051d0fbc003a321c,https://mh.linkedin.com/jobs/view/dentist-at-best-military-resume-4454332181,Dentist,Best Military Resume,posted,2026-08-17T07:34:31.703864,195
5652ad63fdaaa5f7,https://mh.linkedin.com/jobs/view/freelance-at-firstsource-4452388094,Freelance,,scraped,2026-08-17T07:34:36.421968,
bc9faed1beb5ad93,https://mh.linkedin.com/jobs/view/custodian-ii-at-v2x-inc-4451915704,Custodian II,V2X Inc,posted,2026-08-17T07:34:49.433940,197
ac2a92f117d079f9,https://mh.linkedin.com/jobs/view/waste-water-treat-plant-technician-at-v2x-inc-4448223725,Waste Water Treat Plant Technician,V2X Inc,posted,2026-08-17T07:34:58.225206,199
b569edc65ca8622c,https://mh.linkedin.com/jobs/view/stock-clerk-ii-at-v2x-inc-4453251000,Stock Clerk II,V2X Inc,posted,2026-08-17T07:35:07.175515,201
ad7ee7266eda5c13,https://mh.linkedin.com/jobs/view/gcss-army-operator-at-v2x-inc-4451670912,GCSS-Army Operator,V2X Inc,posted,2026-08-17T07:35:15.868913,203
64694d682585f091,https://mh.linkedin.com/jobs/view/food-services-administrative-analyst-at-v2x-inc-4450405228,Food Services Administrative Analyst,V2X Inc,posted,2026-08-17T07:35:28.707485,205
8cbb8bf6aee51da2,https://mh.linkedin.com/jobs/view/warehouseman-lead-at-v2x-inc-4452926054,Warehouseman Lead,V2X Inc,posted,2026-08-17T07:35:40.052278,207
9a4400e92baab239,https://mh.linkedin.com/jobs/view/recreation-specialist-senior-at-v2x-inc-4447405735,Recreation Specialist Senior,V2X Inc,posted,2026-08-17T07:35:49.172806,209
fcb7a66867b17c62,https://mh.linkedin.com/jobs/view/stock-clerk-iii-at-v2x-inc-4453241075,Stock Clerk III,V2X Inc,posted,2026-08-17T07:35:58.227224,211
25b3398890a3938a,https://mh.linkedin.com/jobs/view/water-distribution-foreman-at-v2x-inc-4450194926,Water Distribution Foreman,V2X Inc,posted,2026-08-17T07:36:07.426233,213
ce1b9fb10535ed7a,https://mh.linkedin.com/jobs/view/information-technology-associate-i-at-v2x-inc-4452929053,Information Technology Associate I,V2X Inc,posted,2026-08-17T07:36:18.025420,215
9ab58a01322a1c3d,https://mh.linkedin.com/jobs/view/flight-paramedic-flight-edic-at-v2x-inc-4447177177,Flight Paramedic/Flight EDIC,V2X Inc,posted,2026-08-17T07:36:30.852598,217
71286be920e588d9,https://mh.linkedin.com/jobs/view/electrician-i-at-v2x-inc-4453002697,Electrician I,V2X Inc,posted,2026-08-17T07:36:39.554548,219
1da67e41b51bcf17,https://mh.linkedin.com/jobs/view/plumber-iii-at-v2x-inc-4450408181,Plumber III,V2X Inc,posted,2026-08-17T07:36:52.618080,221
07cfa826fba50e54,https://mh.linkedin.com/jobs/view/welder-marine-iv-at-v2x-inc-4452910092,Welder (Marine IV),V2X Inc,posted,2026-08-17T07:37:01.942444,223
7071e8857f7ab109,https://mh.linkedin.com/jobs/view/mwr-technician-at-v2x-inc-4455435794,MWR Technician,V2X Inc,posted,2026-08-24T07:39:27.719427,225
158675689a8a4630,https://mh.linkedin.com/jobs/view/logcap-operations-assistant-power-marshall-islands-rmi-at-versar-global-solutions-4424619987,LOGCAP: Operations Assistant - Power - Marshall Islands (RMI),Versar Global Solutions,posted,2026-08-24T07:39:37.890889,227
90626a5d8200a4a0,https://mh.linkedin.com/jobs/view/railways-specialist-at-ntu-international-a-s-4457078768,Railways Specialist,,scraped,2026-08-24T07:39:40.645786,
230954a655bcd0c9,https://mh.linkedin.com/jobs/view/ports-and-shipping-specialist-at-ntu-international-a-s-4455594377,Ports and Shipping Specialist,,scraped,2026-08-24T07:39:47.960533,
21aeffd8451cd016,https://mh.linkedin.com/jobs/view/expedited-vn-programme-officer-ready-p-at-iom-un-migration-4456480092,Expedited VN : Programme Officer (READY) (P),IOM - UN Migration,posted,2026-08-24T07:40:08.320965,229
335cefb8b3be279f,https://mh.linkedin.com/jobs/view/expedited-vn-associate-project-officer-gender-and-climate-mobility-p-at-iom-un-migration-4455592910,Expedited VN : Associate Project Officer (Gender and Climate Mobility) (P),IOM - UN Migration,posted,2026-08-24T07:40:21.195910,231
f936c0fbeb542800,https://mh.linkedin.com/jobs/view/wash-rack-attendant-at-v2x-inc-4451006453,Wash Rack Attendant,V2X Inc,posted,2026-08-24T07:40:30.858165,233
a9dc52ddfa9f2357,https://mh.linkedin.com/jobs/view/pest-controller-i-at-v2x-inc-4454416006,Pest Controller I,V2X Inc,posted,2026-08-24T07:40:42.535093,235
e6a6e2b0fdaf3434,https://mh.linkedin.com/jobs/view/hazardous-waste-specialist-at-v2x-inc-4455420943,Hazardous Waste Specialist,V2X Inc,posted,2026-08-24T07:40:47.400881,65
3559634d102a7bfe,https://mh.linkedin.com/jobs/view/motor-vehicle-mechanic-ii-maintenance-at-v2x-inc-4450023204,Motor Vehicle Mechanic II (Maintenance),V2X Inc,posted,2026-08-24T07:40:57.120017,237
d6a1eebec907fa7e,https://mh.linkedin.com/jobs/view/logistics-coordinator-at-v2x-inc-4451003557,Logistics Coordinator,V2X Inc,posted,2026-08-24T07:41:08.661479,239
000aba0492d33ce4,https://mh.linkedin.com/jobs/view/shuttle-bus-driver-at-v2x-inc-4451000658,Shuttle Bus Driver,V2X Inc,posted,2026-08-24T07:41:19.584407,241
5111ffab20e6f960,https://mh.linkedin.com/jobs/view/teacher-substitute-at-v2x-inc-4454456330,Teacher Substitute,V2X Inc,posted,2026-08-24T07:41:29.834457,243
bae7983a2672f380,https://mh.linkedin.com/jobs/view/quality-supervisor-at-v2x-inc-4454903125,Quality Supervisor,V2X Inc,posted,2026-08-24T07:41:42.836380,245
dbcdfd54d49a3638,https://mh.linkedin.com/jobs/view/firefighter-crew-chief-at-v2x-inc-4455434770,Firefighter Crew Chief,V2X Inc,posted,2026-08-24T07:41:55.438740,247
1581ea9c3cc0ac92,https://mh.linkedin.com/jobs/view/immigration-and-border-governance-international-consultant-at-iom-un-migration-4455252959,Immigration and Border Governance International Consultant,IOM - UN Migration,posted,2026-08-24T07:42:10.251034,249
